[{"id":"1","houseName":"Pritam","price":"4500","location":"Belur, Howrah","rating":"5","photo":"/images/image-2.jpg"},{"id":"2","houseName":"Rupam","price":"300","location":"Delhi, India","rating":"3","photo":"/images/image-3.jpg"},{"houseName":"king","price":"7000","location":"jaipur","rating":"4.9","photo":"/images/image-4.jpg","id":"0.9765673996516453"},{"houseName":"Luxury ","price":"10000","location":"Manchester,England","rating":"5","photo":"/images/image-10.jpg","id":"0.6505026512704097"}]